{"train/loss": 1.4424, "train/learning_rate": 4.968775454792289e-05, "train/epoch": 1.0, "train/global_step": 7366, "_timestamp": 1708267517.452779, "_runtime": 6335.83900308609, "_step": 14, "train/train_runtime": 6290.8395, "train/train_samples_per_second": 2.342, "train/train_steps_per_second": 1.171, "train/total_flos": 2053320374992896.0, "train/train_loss": 1.5183518197657522, "_wandb": {"runtime": 6360}}