{"train/loss": 1.4422, "train/learning_rate": 4.968775454792289e-05, "train/epoch": 1.0, "train/global_step": 7366, "_timestamp": 1708290149.6672618, "_runtime": 6289.974082946777, "_step": 15, "train/train_runtime": 6026.2897, "train/train_samples_per_second": 2.445, "train/train_steps_per_second": 1.222, "train/total_flos": 2053320374992896.0, "train/train_loss": 1.5189945864153076, "eval/loss": 4.392974779861621e+26, "eval/runtime": 223.008, "eval/samples_per_second": 3.668, "eval/steps_per_second": 0.462, "_wandb": {"runtime": 6289}}